type,id,username,password,fullName,email,stream,class,subjects,quote,role,is_admin,payment_status,certificate
student,26V/MN/24,jdoe,password123,John Doe,jdoe@example.com,Violet,Senior 3,,Always give your best.,Class_Monitor,0,paid,
student,32N/FL/23,asmith,password123,Alice Smith,asmith@example.com,North,Senior 4,,Together we can do more.,Peer_Counsellor,0,paid,
student,18G/ML/24,bwilson,password123,Brian Wilson,Brian@gmail.com,Gold,Senior 3,,Stay focused and stay humble.,Counsellor,0,unpaid,
student,65V/MM/24,elyon256,Zunknown8,Kironde Arthur,Arthur@gmail.com,Violet,Senior 3,,Learn every day.,Normal student,0,paid,
student,40V/MB/24,joshua123,bzorp12,Makubuya Joshua,Makubuya@gmail.com,Violet,Senior 3,,Hard work pays.,Normal student,0,paid,
student,15L/SS/24,luboyera1,password123,Luboyera Student,Luboyera@gmail.com,Luboyera,Senior 3,,Be kind to everyone.,Normal student,0,paid,
student,16B/TT/24,busuulwa1,password123,Busuulwa Student,Busuulwa@gmail.com,Busuulwa,Senior 3,,Never stop asking why.,Normal student,0,paid,
student,17M/KK/24,musisi1,password123,Musisi Bunjo Student,MB@gmail.com,Musisi Bunjo,Senior 3,,Keep moving forward.,Normal student,0,paid,
student,19N/PP/24,nsubuga1,password123,Nsubuga Student,Nsubuga@gmail.com,Nsubuga,Senior 3,,Aim higher.,Normal student,0,paid,
student,20S/QQ/24,sempa1,password123,Sempa Student,Sempa@gmail.com,Sempa,Senior 3,,Small steps count.,Normal student,0,paid,
student,21A/RR/24,armitage1,password123,Armitage Student,Armitage@gmail.com,Armitage,Senior 3,,Be your best self.,Normal student,0,paid,
student,22K/SS/24,kennedy1,password123,Kennedy Student,Kennedy@gmail.com,Kennedy,Senior 3,,Be responsible.,Normal student,0,paid,
student,23G/TT/24,george1,password123,George Student,George@gmail.com,George,Senior 3,,Stay curious.,Normal student,0,paid,
student,76V/ML/24,ezer123,nevergiveup,Medhanie Even Samuel,,Violet,Senior 3,,Believe in yourself.,Normal student,0,paid,
student,69V/FB/24,Pretty-Kats,findout777,Namutaawe Katrinah,,Violet,Senior 3,,You are enough.,Peer_Counsellor,0,paid,
student,58V/FN/24,Kraazyy-xta,mindspace,Nakabira Esther,,Violet,Senior 3,,Dream big.,Normal student,0,paid,
student,88V/FS/24,lastsavage 84,Poison but tasty,Nakasi Claire,,Violet,Senior 3,,Keep rising.,Normal student,0,paid,
student,72V/MS/24,its-mj-33,jojoab13,Mujuni Joackim,,Violet,Senior 3,,Be grateful.,Normal student,0,paid,
student,19V/FN/24,cyb.n.ivy,Alaisha,Nakimuli Alaisha,,Violet,Senior 3,,Stay strong.,Class_Monitor,0,paid,
student,10V/FK/24,Beloved,Blessing,Ahumuza Blessing,,Violet,Senior 3,,Share your light.,Normal student,0,paid,
student,44V/FN/24,eron-ayaan44,Eron_4_u,Eron Joy Priya,,Violet,Senior 3,,Choose kindness.,Normal student,0,paid,
student,25V/MN/24,Will_newton,##silence,Alou Paul Newton,,Violet,Senior 3,,I love you all,Peer_Counsellor,0,paid,
,,,,,,,,,,,,,
,,,,,,,,,,,,,
teacher,T000,Newton,##0000,Alou Paul Newton,,Violet,Senior 3,,,Senior Teacher,1,paid,
teacher,T001,jane_smith,password123,Jane Smith,jane.smith@school.edu,North,Senior 4,Mathematics|Physics,Education is the foundation of success.,Senior Teacher,0,paid,
teacher,T002,mike_jones,password123,Mike Jones,mike.jones@school.edu,Gold,Senior 4,English|Literature,Knowledge is power.,Senior Teacher,0,paid,
teacher,T003,sarah_lee,password123,Sarah Lee,sarah.lee@school.edu,Violet,Senior 3,Chemistry|Biology,Great minds think alike.,Senior Teacher,0,paid,
teacher,T004,daniel_kamanzi,password123,Daniel Kamwezi,daniel.kamanzi@school.edu,Central,Senior 3,ICT|Mathematics,Learn with curiosity.,Senior Teacher,0,paid,
