quote,,,,,,,,,,reference
"For I know the plans I have for you, declares the Lord, plans to prosper you and not to harm you, plans to give you hope and a future.",,,,,,,,,,Jeremiah 29:11
"Trust in the Lord with all your heart and lean not on your own understanding; in all your ways submit to him, and he will make your paths straight.",,,,,,,,,,Proverbs 3:5-6
"Be strong and courageous. Do not be afraid; do not be discouraged, for the Lord your God will be with you wherever you go.",,,,,,,,,,Joshua 1:9
"The Lord is my shepherd, I lack nothing. He makes me lie down in green pastures, he leads me beside quiet waters, he refreshes my soul.",,,,,,,,,,Psalm 23:1-3
I can do all things through Christ who strengthens me.,,,,,,,,,,Philippians 4:13
"Love is patient, love is kind. It does not envy, it does not boast, it is not proud.",,,,,,,,,,1 Corinthians 13:4
"Seek first his kingdom and his righteousness, and all these things will be given to you as well.",,,,,,,,,,Matthew 6:33
"Whatever you do, work at it with all your heart, as working for the Lord, not for human masters.",,,,,,,,,,Colossians 3:23
"Let the peace of Christ rule in your hearts, since as members of one body you were called to peace. And be thankful.",,,,,,,,,,Colossians 3:15
"Therefore, if anyone is in Christ, the new creation has come: The old has gone, the new is here!",,,,,,,,,,2 Corinthians 5:17
"Therefore, if anyone is in Christ, the new creation has come: The old has gone, the new is here!",,,,,,,,,,2 Corinthians 5:17
